{"cameraMode":{"drawMode":0,"name":"Shaded","section":"Shading Mode"},"sceneLighting":true,"audioPlay":false,"sceneViewState":{"m_AlwaysRefresh":false,"showFog":true,"showSkybox":true,"showFlares":true,"showImageEffects":true,"showParticleSystems":true,"showVisualEffectGraphs":true,"m_FxEnabled":true},"in2DMode":false,"pivot":{"x":-118.84245300292969,"y":-2.3709306716918947,"z":0.018579907715320588},"rotation":{"x":-0.0205010324716568,"y":0.7023541331291199,"z":-0.020235516130924226,"w":-0.7112605571746826},"size":61.32919692993164,"orthographic":false}